Date,Time,Open,High,Low,Close,Volume
1997-12-31,21:00:00,85.05,86.48,85.04,86.15,179
1998-01-03,21:00:00,85.91,86.22,84.27,85.45,345
1998-01-04,21:00:00,85.27,85.57,84.45,84.65,163
1998-01-05,21:00:00,84.81,85.92,84.17,84.84,348
1998-01-06,21:00:00,85.7,85.7,83.8,83.99,210
1998-01-07,21:00:00,84.43,85.47,83.84,85.11,259
1998-01-10,21:00:00,84.8,85.96,84.21,85.74,257
1998-01-11,21:00:00,85.69,86.72,84.36,85.64,468
1998-01-12,21:00:00,85.44,87.38,84.73,84.9,477
1998-01-13,21:00:00,85.13,86.85,84.46,84.79,445
1998-01-14,21:00:00,85.29,86.39,84.35,86.08,330
1998-01-17,21:00:00,86.94,87.19,85.15,86.85,400
1998-01-18,21:00:00,85.86,87.21,85.32,87.07,258
1998-01-19,21:00:00,85.5,85.52,83.89,84.24,201
1998-01-20,21:00:00,84.77,84.93,83.19,83.8,252
1998-01-21,21:00:00,83.96,84.05,83,83.66,181
1998-01-24,21:00:00,83.82,85.58,83.51,84.72,325
1998-01-25,21:00:00,84.82,86.57,84.43,86.57,254
1998-01-26,21:00:00,86.76,87.17,83.21,85.17,634
1998-01-27,21:00:00,86.62,86.62,84.11,84.42,283
1998-01-28,21:00:00,85.85,87.35,84.43,86.74,496
1998-01-31,21:00:00,87.27,87.63,86,86.62,262
1998-02-01,21:00:00,87.8,87.8,85.5,86.82,363
1998-02-02,21:00:00,85.53,87.11,83.52,87.07,565
1998-02-03,21:00:00,84.21,87.06,83.38,86.38,520
1998-02-04,21:00:00,86.39,86.47,82.84,83.37,425
1998-02-07,21:00:00,83.21,86.11,83.21,83.64,538
1998-02-08,21:00:00,83.65,86.32,83.44,83.87,555
1998-02-09,21:00:00,83.97,87.27,83.56,83.63,709
1998-02-10,21:00:00,85.74,86.53,83,83.97,530
1998-02-11,21:00:00,84.08,84.59,83.6,84.28,179
1998-02-14,21:00:00,84.33,85.32,83.37,83.53,311
1998-02-15,21:00:00,83.6,85.09,83.52,84.67,208
1998-02-16,21:00:00,84.4,84.98,83.96,84.49,196
1998-02-17,21:00:00,84.37,85.75,84.26,85.17,219
1998-02-18,21:00:00,85.13,86.12,84.95,85.59,189
1998-02-21,21:00:00,85.4,85.92,85.07,85.16,147
1998-02-22,21:00:00,85.08,85.53,84.93,85.15,114
1998-02-23,21:00:00,84.59,86.11,84.2,85.32,310
1998-02-24,21:00:00,85.51,86.39,85.37,85.52,204
1998-02-25,21:00:00,85.71,86.16,84.97,85.72,238
1998-02-28,21:00:00,85.62,86.07,84.97,85.87,196
1998-03-01,20:00:00,85.85,86.51,85.18,85.18,200
1998-03-02,20:00:00,85.1,85.81,84.7,85.4,193
1998-03-03,20:00:00,85.45,85.77,84.55,84.55,155
1998-03-04,20:00:00,84.65,86.22,84.43,85.46,278
1998-03-07,20:00:00,85.39,85.69,84.05,85.18,308
1998-03-08,20:00:00,83.99,85.62,83.99,85.44,182
1998-03-09,20:00:00,85.41,86.44,84.14,86.17,385
1998-03-10,20:00:00,86.08,86.89,85.9,86.61,146
1998-03-11,20:00:00,86.78,87.16,86.24,86.52,159
1998-03-14,20:00:00,86.54,87,85.62,86.56,275
1998-03-15,20:00:00,85.75,87.11,85.62,85.9,284
1998-03-16,20:00:00,85.34,86.95,84.7,84.7,387
1998-03-17,20:00:00,84.85,86.8,84.57,86.11,321
1998-03-18,20:00:00,84.34,86.91,84.32,86.79,274
1998-03-21,20:00:00,86.65,87.54,86.47,87.54,126
1998-03-22,20:00:00,87.42,87.72,86.87,87.36,165
1998-03-23,20:00:00,85.94,87.45,85.63,86.28,331
1998-03-24,20:00:00,86.32,87.27,86.17,87.17,136
1998-03-25,20:00:00,86.75,87.89,86.31,87.47,245
1998-03-28,20:00:00,87.2,87.86,85.62,87.5,419
1998-03-29,20:00:00,87.53,88.55,84.74,88.06,710
1998-03-30,20:00:00,88.19,88.53,84.64,87.83,743
1998-03-31,20:00:00,87.9,89.33,87.35,87.67,374
1998-04-01,20:00:00,87.73,89.02,87.58,88.73,189
1998-04-04,20:00:00,88.77,89.39,87.79,88.48,292
1998-04-05,20:00:00,88.38,88.52,87.64,87.7,109
1998-04-06,20:00:00,87.69,88.13,86.39,87.06,286
1998-04-07,20:00:00,87.07,87.79,85.1,86.1,442
1998-04-08,20:00:00,85.77,86.05,83.47,84.44,384
1998-04-11,20:00:00,84.61,87.47,83.75,84.86,720
1998-04-12,20:00:00,84.77,86.51,83.38,83.82,532
1998-04-13,20:00:00,83.69,84.61,83.48,84.5,146
1998-04-14,20:00:00,84.58,86.13,84.41,86.12,191
1998-04-15,20:00:00,86.27,87.6,85.4,85.79,393
1998-04-18,20:00:00,85.05,85.7,85.05,85.45,91
1998-04-19,20:00:00,85.4,85.87,85.11,85.7,123
1998-04-20,20:00:00,85.41,87,84.86,85.06,394
1998-04-21,20:00:00,85.09,87.62,84.69,85.14,582
1998-04-22,20:00:00,84.93,85.67,84.25,85.36,242
1998-04-25,20:00:00,85.23,85.92,84.86,85.48,188
1998-04-26,20:00:00,85.68,85.74,84.79,85.14,137
1998-04-27,20:00:00,84.93,86.09,84.56,85.81,219
1998-04-28,20:00:00,85.81,86.68,85.69,86.24,156
1998-04-29,20:00:00,86.28,87.24,85.44,86.5,339
1998-05-02,20:00:00,86.46,86.54,85.62,86.07,146
1998-05-03,20:00:00,85.3,85.48,84.07,84.13,166
1998-05-04,20:00:00,84.33,85.06,84.33,84.77,103
1998-05-05,20:00:00,84.84,85.13,83.57,84.72,301
1998-05-06,20:00:00,84.65,85.05,84.23,84.52,152
1998-05-09,20:00:00,85.53,85.59,83.87,84.54,246
1998-05-10,20:00:00,84.55,85.17,84.39,84.76,136
1998-05-11,20:00:00,84.88,84.96,84.04,84.6,157
1998-05-12,20:00:00,84.41,84.59,83.85,84.2,128
1998-05-13,20:00:00,84.18,84.57,82.34,84.47,418
1998-05-16,20:00:00,84.37,85.28,84.01,85.28,164
1998-05-17,20:00:00,84.99,85.65,84.66,84.89,189
1998-05-18,20:00:00,84.8,85.53,84.6,84.99,168
1998-05-19,20:00:00,85.07,85.75,84.05,85.4,308
1998-05-20,20:00:00,85.51,86.22,84.07,84.21,301
1998-05-23,20:00:00,84.33,85.99,84.29,85.43,231
1998-05-24,20:00:00,84.95,86.01,84.79,85.57,183
1998-05-25,20:00:00,85.57,85.86,84.95,85.32,158
1998-05-26,20:00:00,85.37,86.49,84.66,86.39,265
1998-05-27,20:00:00,86.4,86.99,86.09,86.44,177
1998-05-30,20:00:00,86.44,86.61,85.76,85.81,108
1998-05-31,20:00:00,85.89,85.91,85.02,85.83,173
1998-06-01,20:00:00,85.65,85.69,84.46,84.46,128
1998-06-02,20:00:00,84.32,85.08,83.91,84.4,227
1998-06-03,20:00:00,84.31,84.7,83.55,83.83,183
1998-06-06,20:00:00,84.34,86.13,83.64,86.13,320
1998-06-07,20:00:00,84.27,85.67,83.05,83.2,418
1998-06-08,20:00:00,83.08,83.52,81.8,83.16,337
1998-06-09,20:00:00,83.11,84.67,82.82,84.48,234
1998-06-10,20:00:00,84.38,85.98,83.93,84.75,374
1998-06-13,20:00:00,84.81,86.38,84.75,86.2,188
1998-06-14,20:00:00,85.58,85.81,84.08,85.13,302
1998-06-15,20:00:00,85.05,85.42,83.48,84,284
1998-06-16,20:00:00,83.62,85.44,83.07,83.88,449
1998-06-17,20:00:00,83.67,84.26,82.96,84.06,222
1998-06-20,20:00:00,84.21,84.58,83.54,84.06,194
1998-06-21,20:00:00,83.96,85,83.67,84.62,201
1998-06-22,20:00:00,84.36,86.1,83.96,85.45,320
1998-06-23,20:00:00,85.06,86.4,84.79,86.4,189
1998-06-24,20:00:00,86.33,86.64,85.36,86.01,225
1998-06-27,20:00:00,85.49,86.53,85.32,85.88,204
1998-06-28,20:00:00,86.42,86.56,85.47,86.18,195
1998-06-29,20:00:00,86.09,86.3,85.26,85.93,193
1998-06-30,20:00:00,85.78,86.9,85.42,86.57,218
1998-07-01,20:00:00,86.41,86.59,84.98,86.15,297
1998-07-04,20:00:00,85.54,86.57,85.53,86.26,137
1998-07-05,20:00:00,86.28,86.45,85.74,86.2,135
1998-07-06,20:00:00,86.02,87.85,85.78,86.14,403
1998-07-07,20:00:00,86.26,86.99,85.83,86.45,214
1998-07-08,20:00:00,86.46,87.9,86.26,87.8,195
1998-07-11,20:00:00,86.1,87.43,85.68,87.12,249
1998-07-12,20:00:00,86.98,87.97,86.1,87.34,339
1998-07-13,20:00:00,86.32,88.04,86.18,87.66,239
1998-07-14,20:00:00,86.55,88.92,86.23,88.44,350
1998-07-15,20:00:00,88.46,88.47,87.35,87.56,135
1998-07-18,20:00:00,87.39,87.93,86.76,87.61,213
1998-07-19,20:00:00,87.57,88.18,87.28,87.86,152
1998-07-20,20:00:00,87.8,88.14,87.26,87.26,123
1998-07-21,20:00:00,87.84,87.96,87.12,87.8,165
1998-07-22,20:00:00,87.73,88.04,86.26,87.36,320
1998-07-25,20:00:00,87.15,87.3,85.41,85.41,205
1998-07-26,20:00:00,86.79,86.87,86.31,86.71,105
1998-07-27,20:00:00,86.7,87.91,86.22,87.52,257
1998-07-28,20:00:00,87.4,88.07,86.55,87.55,290
1998-07-29,20:00:00,87.7,88.18,87.37,87.76,157
1998-08-01,20:00:00,87.83,88.19,87.43,87.64,134
1998-08-02,20:00:00,87.73,88.05,87.28,87.86,142
1998-08-03,20:00:00,87.89,88.06,87.03,87.58,176
1998-08-04,20:00:00,87.55,87.98,87.08,87.33,159
1998-08-05,20:00:00,87.42,87.94,87.02,87.81,146
1998-08-08,20:00:00,87.8,87.95,87.28,87.49,104
1998-08-09,20:00:00,87.51,88.01,87.11,87.49,179
1998-08-10,20:00:00,87.39,87.99,86.52,86.83,239
1998-08-11,20:00:00,86.9,87,86.3,86.46,97
1998-08-12,20:00:00,86.54,87.99,86.26,87.98,203
1998-08-15,20:00:00,86.87,87.45,86.14,86.4,216
1998-08-16,20:00:00,87.35,87.35,84.4,85.37,393
1998-08-17,20:00:00,85.37,86.5,84.85,84.99,293
1998-08-18,20:00:00,84.74,85.56,83.74,83.92,283
1998-08-19,20:00:00,83.96,84.64,83.78,84.19,150
1998-08-22,20:00:00,84.31,84.43,83.17,83.52,174
1998-08-23,20:00:00,83.55,83.96,83.02,83.23,157
1998-08-24,20:00:00,83.25,83.74,81.05,81.43,357
1998-08-25,20:00:00,81.58,82.05,78.5,79.02,455
1998-08-26,20:00:00,79.13,81.72,77.97,80.33,631
1998-08-29,20:00:00,80.34,82.22,78.92,82.22,473
1998-08-30,20:00:00,78.77,80.28,78.48,78.98,340
1998-08-31,20:00:00,79.21,81.05,79.09,80.61,253
1998-09-01,20:00:00,80.71,81.13,76.95,79.75,741
1998-09-02,20:00:00,78.64,80.34,78.11,78.71,440
1998-09-05,20:00:00,79,79.13,76.98,77.84,315
1998-09-06,20:00:00,80.23,80.68,77.16,78.08,490
1998-09-07,20:00:00,77.99,78.56,77.3,77.98,252
1998-09-08,20:00:00,80,80.44,78.99,80.15,276
1998-09-09,20:00:00,80.65,80.65,77.51,78.34,398
1998-09-12,20:00:00,78.48,81.2,78.2,81.2,329
1998-09-13,20:00:00,78.95,81.02,78.81,80.93,245
1998-09-14,20:00:00,79.69,80.79,79.17,79.37,293
1998-09-15,20:00:00,79.31,80.95,78.13,78.39,473
1998-09-16,20:00:00,78.22,78.64,77.66,77.92,167
1998-09-19,20:00:00,78.45,79.83,77.74,79.47,317
1998-09-20,20:00:00,78.5,79.3,78.29,78.71,182
1998-09-21,20:00:00,78.67,79.06,78.42,78.85,111
1998-09-22,20:00:00,78.72,79.75,78.58,78.73,234
1998-09-23,20:00:00,78.83,80.51,78.59,79.89,279
1998-09-26,20:00:00,79.9,80.45,79.36,79.88,217
1998-09-27,20:00:00,80.39,81.03,79.82,80.14,218
1998-09-28,20:00:00,80.32,81.39,80.03,81.09,196
1998-09-29,20:00:00,81,81.58,80.16,81.3,255
1998-09-30,20:00:00,81.25,81.25,78.95,79.42,278
1998-10-03,20:00:00,81.25,81.36,79.16,79.16,232
1998-10-04,21:00:00,78.81,78.98,76.83,76.83,233
1998-10-05,21:00:00,76.97,80.74,74.42,75.36,1104
1998-10-06,21:00:00,83.74,83.74,69.54,73.23,1790
1998-10-07,21:00:00,73.27,74.06,70.93,71.64,464
1998-10-10,21:00:00,71.94,74.16,71.8,73.74,293
1998-10-11,21:00:00,73.62,75.4,73.4,74.21,342
1998-10-12,21:00:00,74.5,75.67,74.43,75.37,162
1998-10-13,21:00:00,75.4,75.65,74.07,74.09,186
1998-10-14,21:00:00,74.01,74.5,72.62,73.14,290
1998-10-17,21:00:00,73.26,73.38,72.03,72.13,158
1998-10-18,21:00:00,72.14,74.58,72.12,73.43,364
1998-10-19,21:00:00,73.05,73.76,72.41,73.37,239
1998-10-20,21:00:00,73.51,74.32,73.21,73.8,194
1998-10-21,21:00:00,73.72,74.57,72.85,73.03,276
1998-10-24,21:00:00,73.44,73.81,72.96,73.5,165
1998-10-25,21:00:00,73.56,73.78,72.61,72.89,168
1998-10-26,21:00:00,73.13,73.31,72.53,72.73,117
1998-10-27,21:00:00,72.78,73.18,72.07,72.93,208
1998-10-28,21:00:00,72.91,73.04,71.94,72.28,158
1998-10-31,21:00:00,72.07,72.58,71.56,71.61,159
1998-11-01,21:00:00,71.71,72.41,71.51,71.83,169
1998-11-02,21:00:00,72.56,73.74,72.33,73.66,173
1998-11-03,21:00:00,73.79,74.7,72.91,74.61,277
1998-11-04,21:00:00,74.32,75.72,74.17,75.63,180
1998-11-07,21:00:00,75.61,77.71,75.43,77.4,278
1998-11-08,21:00:00,77.45,77.45,76.1,76.74,200
1998-11-09,21:00:00,76.78,77.12,75.35,77.01,332
1998-11-10,21:00:00,76.95,78.34,76.51,77.65,297
1998-11-11,21:00:00,78.68,78.68,77.13,78.19,262
1998-11-14,21:00:00,78.09,78.23,76.34,76.43,213
1998-11-15,21:00:00,76.45,77.28,75.28,75.38,294
1998-11-16,21:00:00,76.84,78.88,75.29,78.51,552
1998-11-17,21:00:00,76.93,78.69,76.48,77.19,417
1998-11-18,21:00:00,77.26,77.77,76.57,77.36,231
1998-11-21,21:00:00,77.27,77.99,76.87,77.06,204
1998-11-22,21:00:00,76.5,78.32,76.44,77.8,247
1998-11-23,21:00:00,78.16,78.16,76.74,77.9,259
1998-11-24,21:00:00,77.91,78.15,76.98,77.59,203
1998-11-25,21:00:00,77.84,78.38,77.48,78,165
1998-11-28,21:00:00,78.14,78.43,77.06,77.28,189
1998-11-29,21:00:00,77.21,77.9,76.71,77.14,232
1998-11-30,21:00:00,77.89,78.02,75.19,75.58,336
1998-12-01,21:00:00,76.49,76.71,73.38,76.71,645
1998-12-02,21:00:00,73.94,74.18,73.05,73.38,171
1998-12-05,21:00:00,73.24,74.49,72.88,74.2,227
1998-12-06,21:00:00,74.42,75.62,73.15,73.3,383
1998-12-07,21:00:00,73.2,75.62,72.44,72.96,613
1998-12-08,21:00:00,73.3,76.09,72.18,72.72,725
1998-12-09,21:00:00,73.08,73.71,72.17,72.24,225
1998-12-12,21:00:00,72.68,72.68,71.28,71.47,160
1998-12-13,21:00:00,71.72,74.57,71.46,72.76,519
1999-01-06,21:00:00,70.66,70.85,70.3,70.55,176
1999-01-07,21:00:00,70.5,71.03,69.99,70.27,550
1999-01-09,21:00:00,69.93,69.99,69.73,69.85,27
1999-01-10,21:00:00,69.83,70.26,69.41,70,598
1999-01-11,21:00:00,69.97,71.98,69.58,71.44,610
1999-01-12,21:00:00,71.59,72.07,70.49,71.47,606
1999-01-13,21:00:00,71.39,72.64,71.23,71.57,566
1999-01-14,21:00:00,71.55,72.63,70.73,72.31,546
1999-01-16,21:00:00,72.46,72.74,72.38,72.53,20
1999-01-17,21:00:00,72.49,73.05,72.02,72.32,540
1999-01-18,21:00:00,72.25,72.94,71.94,72.66,605
1999-01-19,21:00:00,72.56,72.96,72.03,72.37,618
1999-01-20,21:00:00,72.32,73.71,71.59,72.88,594
1999-01-21,21:00:00,72.95,73.17,72.2,72.49,563
1999-01-23,21:00:00,72.55,72.7,72.52,72.68,23
1999-01-24,21:00:00,72.67,72.69,71.53,71.64,519
1999-01-25,21:00:00,71.56,72.05,71.38,71.67,616
1999-01-26,21:00:00,71.66,72.94,71.59,72.54,597
1999-01-27,21:00:00,72.51,73.25,71.98,72.98,622
1999-01-28,21:00:00,72.91,73.45,72.76,73.33,540
1999-01-30,21:00:00,73.21,73.22,73.11,73.16,17
1999-01-31,21:00:00,73.19,73.43,72.89,73.15,566
1999-02-01,21:00:00,73.18,73.41,71.36,71.44,617
1999-02-02,21:00:00,71.45,72.71,71.34,72.71,626
1999-02-03,21:00:00,72.68,73.02,72.14,72.83,622
1999-02-04,21:00:00,72.79,74.14,72.6,73.64,579
1999-02-06,21:00:00,73.7,73.72,73.6,73.63,24
1999-02-07,21:00:00,73.61,74.93,73.48,74.39,599
1999-02-08,21:00:00,74.33,74.42,73.49,73.56,623
1999-02-09,21:00:00,73.6,74.6,73.44,73.84,600
1999-02-10,21:00:00,73.79,74.58,73.54,74.18,579
1999-02-11,21:00:00,74.07,74.24,73.44,73.76,520
1999-02-13,21:00:00,73.79,73.91,73.77,73.77,19
1999-02-14,21:00:00,73.74,74.86,73.66,74.65,559
1999-02-15,21:00:00,74.68,75.66,74.61,75.3,650
1999-02-16,21:00:00,75.21,75.68,74.93,75.38,610
1999-02-17,21:00:00,75.37,76.34,75.35,76.24,590
1999-02-18,21:00:00,76.23,77.82,76.16,77.76,574
1999-02-20,21:00:00,77.79,78.15,77.74,77.76,27
1999-02-21,21:00:00,77.82,78.21,76.9,77.55,649
1999-02-22,21:00:00,77.56,77.85,76.56,77.17,643
1999-02-23,21:00:00,77.18,77.46,76.43,76.91,592
1999-02-24,21:00:00,76.92,76.93,74.36,74.45,622
1999-02-25,21:00:00,74.58,75.54,73.39,73.76,564
1999-02-27,21:00:00,73.83,73.87,73.66,73.68,22
1999-02-28,21:00:00,73.69,74.35,73.48,74.28,584
1999-03-01,21:00:00,74.36,75.25,74.3,74.69,618
1999-03-02,21:00:00,74.68,75.98,74.68,75.88,588
1999-03-03,21:00:00,75.83,77.51,75.78,77.37,622
1999-03-04,21:00:00,77.34,77.38,76.71,77.1,488
1999-03-06,21:00:00,77.15,77.24,77.08,77.18,22
1999-03-07,20:00:00,77.13,77.43,76.04,76.94,605
1999-03-08,20:00:00,76.91,77.5,76.22,76.79,605
1999-03-09,20:00:00,76.75,77.17,76.04,76.27,609
1999-03-10,20:00:00,76.28,76.74,75.51,76.03,604
1999-03-11,20:00:00,76.02,76.41,75.47,75.53,553
1999-03-13,20:00:00,75.64,75.75,75.59,75.59,20
1999-03-14,20:00:00,75.63,75.77,73.88,74.19,621
1999-03-15,20:00:00,74.21,74.44,73.21,73.37,577
1999-03-16,20:00:00,73.38,74.77,73.32,74.36,607
1999-03-17,20:00:00,74.38,74.77,73.75,73.98,607
1999-03-18,20:00:00,74.03,74.08,73.31,73.75,570
1999-03-20,20:00:00,73.73,74.01,73.73,73.87,18
1999-03-21,20:00:00,73.88,75.51,73.85,75.41,565
1999-03-22,20:00:00,75.37,75.95,75.23,75.68,587
1999-03-23,20:00:00,75.69,75.71,74.83,75.13,609
1999-03-24,20:00:00,75.12,75.51,74.95,75.36,588
1999-03-25,20:00:00,75.41,76.51,75.21,76.44,544
1999-03-27,20:00:00,76.34,76.51,76.34,76.39,21
1999-03-28,20:00:00,76.38,76.41,75.61,76.07,459
1999-03-29,20:00:00,76.06,76.08,75.15,75.55,283
1999-03-30,20:00:00,75.56,75.91,74.54,75.26,635
1999-03-31,20:00:00,75.25,76.75,75.1,76.63,601
1999-04-01,20:00:00,76.54,76.84,76.27,76.46,413
1999-04-03,20:00:00,76.53,76.61,76.47,76.49,23
1999-04-04,20:00:00,76.41,77.32,76.22,76.81,576
1999-04-05,20:00:00,76.78,76.88,75.76,75.97,635
1999-04-06,20:00:00,75.84,76.43,75.84,75.96,588
1999-04-07,20:00:00,76.02,76.1,75.07,75.92,603
1999-04-08,20:00:00,75.93,76.56,75.78,76.32,590
1999-04-10,20:00:00,76.43,76.6,76.43,76.5,19
1999-04-11,20:00:00,76.49,77.29,75.98,76.36,589
1999-04-12,20:00:00,76.38,76.79,76.12,76.25,552
1999-04-13,20:00:00,76.23,76.26,75.19,75.52,595
1999-04-14,20:00:00,75.51,76.72,75.16,76.68,572
1999-04-15,20:00:00,76.57,76.65,75.63,76.28,549
1999-04-17,20:00:00,76.14,76.24,76.11,76.11,17
1999-04-18,20:00:00,76.15,77.12,76.14,76.44,554
1999-04-19,20:00:00,76.41,77.07,76.34,76.96,615
1999-04-20,20:00:00,76.94,77.73,76.68,77.36,596
1999-04-21,20:00:00,77.35,78.08,77.25,78.02,626
1999-04-22,20:00:00,78,78.45,77.56,77.68,551
1999-04-25,20:00:00,77.03,77.69,77.03,77.46,178
1999-04-26,20:00:00,77.36,78.59,77.14,78.18,588
1999-04-27,20:00:00,78.15,78.2,77.23,78,588
1999-04-28,20:00:00,77.98,78.71,77.75,78.61,618
1999-04-29,20:00:00,78.6,79.19,78.46,78.99,561
1999-05-01,20:00:00,78.95,78.98,78.89,78.95,12
1999-05-02,20:00:00,78.93,80.12,78.89,79.63,577
1999-05-03,20:00:00,79.65,80.39,79.34,79.71,594
1999-05-04,20:00:00,79.72,80.31,79.33,80.02,600
1999-05-05,20:00:00,80.01,81.3,79.88,80.73,618
1999-05-06,20:00:00,80.75,81.43,80.21,81.12,595
1999-05-08,20:00:00,81.06,81.11,80.95,80.98,17
1999-05-09,20:00:00,80.99,81.36,80.2,80.25,592
1999-05-10,20:00:00,80.21,81.49,80,81.14,614
1999-05-11,20:00:00,81.19,81.22,80.51,80.64,580
1999-05-12,20:00:00,80.62,81.55,80.31,81.41,634
1999-05-13,20:00:00,81.36,81.88,81.09,81.57,598
1999-05-15,20:00:00,81.41,81.5,81.32,81.49,19
1999-05-16,20:00:00,81.51,82.42,81.44,81.92,622
1999-05-17,20:00:00,81.99,83.12,81.67,81.83,623
1999-05-18,20:00:00,81.81,82.72,81.79,82.15,646
1999-05-19,20:00:00,82.11,82.55,81.86,82.33,609
1999-05-20,20:00:00,82.31,82.5,81.52,81.53,547
1999-05-22,20:00:00,81.6,81.67,81.5,81.58,14
1999-05-23,20:00:00,81.74,81.91,80.96,81.08,574
1999-05-24,20:00:00,81.06,81.11,79.31,79.53,608
1999-05-25,20:00:00,79.5,79.69,78.77,79.37,619
1999-05-26,20:00:00,79.38,79.95,77.92,78.21,598
1999-05-27,20:00:00,78.28,79.52,77.99,79.33,541
1999-05-29,20:00:00,79.56,79.56,79.3,79.3,16
1999-05-30,20:00:00,79.25,79.28,78.63,78.89,465
1999-05-31,20:00:00,78.78,79.04,77.26,77.82,610
1999-06-01,20:00:00,77.77,78.49,77.43,78.35,611
1999-06-02,20:00:00,78.3,79.2,77.9,78.97,629
1999-06-03,20:00:00,78.93,80.67,78.87,80.62,552
1999-06-05,20:00:00,80.5,80.5,80.32,80.45,13
1999-06-06,20:00:00,80.48,80.51,79.18,79.36,575
1999-06-07,20:00:00,79.41,80.32,78.14,78.49,629
1999-06-08,20:00:00,78.51,79.26,78.24,78.63,611
1999-06-09,20:00:00,78.78,79.17,77.63,78.71,2295
1999-06-10,20:00:00,78.7,79.04,78.24,78.38,1996
1999-06-12,20:00:00,78.49,78.56,78.33,78.56,15
1999-06-13,20:00:00,78.57,80.11,78.44,79.92,1464
1999-06-14,20:00:00,79.9,80.02,79.15,79.25,1203
1999-06-15,20:00:00,79.23,79.47,78.66,78.99,1119
1999-06-16,20:00:00,79.02,79.3,78.33,78.6,802
1999-06-17,20:00:00,78.59,79.13,77.52,78.63,719
1999-06-20,20:00:00,79.79,80.16,79.32,79.47,657
1999-06-21,20:00:00,79.48,79.97,79.08,79.96,764
1999-06-22,20:00:00,79.97,80.36,79.89,80.15,710
1999-06-23,20:00:00,80.18,80.62,80.06,80.28,724
1999-06-24,20:00:00,80.26,80.75,80.07,80.41,763
1999-06-26,20:00:00,80.32,80.46,80.27,80.33,24
1999-06-27,20:00:00,80.35,80.57,79.55,79.8,762
1999-06-28,20:00:00,79.74,79.94,79.31,79.46,674
1999-06-29,20:00:00,79.44,81.01,79.44,80.72,1028
1999-06-30,20:00:00,80.78,81.38,80.41,80.69,779
1999-07-01,20:00:00,80.66,81.21,80.56,80.86,665
1999-07-03,20:00:00,80.82,80.9,80.82,80.88,22
1999-07-04,20:00:00,80.9,81.93,80.71,81.9,721
1999-07-05,20:00:00,81.87,82.04,80.52,80.7,800
1999-07-06,20:00:00,80.72,81.79,80.72,81.6,802
1999-07-07,20:00:00,81.64,82.02,81.21,81.71,893
1999-07-08,20:00:00,81.72,81.86,81.26,81.5,822
1999-07-10,20:00:00,81.46,81.46,81.36,81.46,15
1999-07-11,20:00:00,81.37,81.49,80.75,80.82,676
1999-07-12,20:00:00,80.8,81.14,79.73,80,874
1999-07-13,20:00:00,80.06,80.19,79.14,79.33,771
1999-07-14,20:00:00,79.32,80.06,79.16,79.98,940
1999-07-15,20:00:00,80.01,80.14,79.48,79.86,829
1999-07-17,20:00:00,79.93,79.98,79.87,79.93,18
1999-07-18,20:00:00,79.95,80.03,76.49,77.07,869
1999-07-19,20:00:00,77.08,77.8,76.46,77.06,705
1999-07-20,20:00:00,77.02,77.33,76.1,76.86,792
1999-07-21,20:00:00,76.93,76.96,75.03,76.09,910
1999-07-22,20:00:00,76.07,76.34,75.13,75.51,754
1999-07-24,20:00:00,75.97,76.01,75.91,75.93,25
1999-07-25,20:00:00,75.97,76.34,74.68,75.78,902
1999-07-26,20:00:00,75.76,75.84,74.83,75.26,853
1999-07-27,20:00:00,75.29,75.43,74.46,75.03,729
1999-07-28,20:00:00,75.02,75.21,74.41,74.96,865
1999-07-29,20:00:00,75.03,75.36,74.47,74.71,644
1999-07-31,20:00:00,74.71,74.85,74.65,74.65,18
1999-08-01,20:00:00,74.62,74.76,73.97,74.52,831
1999-08-02,20:00:00,74.55,75.62,74.5,75.62,785
1999-08-03,20:00:00,75.57,75.65,75.07,75.48,897
1999-08-04,20:00:00,75.53,75.58,74.45,74.93,815
1999-08-05,20:00:00,74.95,75.29,74.57,75.03,725
1999-08-08,20:00:00,75.02,75.52,74.81,75.39,746
1999-08-09,20:00:00,75.4,75.52,74.45,74.92,710
1999-08-10,20:00:00,74.91,75.27,74.11,75.25,652
1999-08-11,20:00:00,75.37,75.65,74.76,74.8,732
1999-08-12,20:00:00,74.78,75.63,74.53,75.61,771
1999-08-14,20:00:00,75.68,75.73,75.66,75.71,32
1999-08-15,20:00:00,75.69,75.87,74.2,74.4,788
1999-08-16,20:00:00,74.39,74.61,73.8,74.12,781
1999-08-17,20:00:00,74.17,74.32,72.02,72.53,930
1999-08-18,20:00:00,72.56,72.64,70.26,71.04,897
1999-08-19,20:00:00,71.03,71.58,70.71,70.73,766
1999-08-21,20:00:00,70.93,71.16,70.93,71.11,21
1999-08-22,20:00:00,71.1,71.3,70.42,70.87,798
1999-08-23,20:00:00,70.84,71.83,70.4,70.47,769
1999-08-24,20:00:00,70.49,70.93,69.94,70.21,810
1999-08-25,20:00:00,70.24,70.57,69.91,70.51,649
1999-08-26,20:00:00,70.53,70.83,70.31,70.43,674
1999-08-28,20:00:00,69.86,69.95,69.83,69.93,26
1999-08-29,20:00:00,69.96,70.49,69.72,70.38,815
1999-08-30,20:00:00,70.39,70.78,69.43,70.29,884
1999-08-31,20:00:00,70.33,70.42,69.44,69.53,801
1999-09-01,20:00:00,69.55,70.63,69.25,70.41,807
1999-09-02,20:00:00,70.43,71.25,70.39,71.07,695
1999-09-04,20:00:00,70.6,70.76,70.6,70.75,12
1999-09-05,20:00:00,70.77,70.94,70.41,70.75,615
1999-09-06,20:00:00,70.76,72.07,70.61,71.91,748
1999-09-07,20:00:00,71.93,72.3,71.66,71.87,822
1999-09-08,20:00:00,71.89,72.01,70.19,70.56,920
1999-09-09,20:00:00,70.59,71.75,70.32,70.8,961
1999-09-11,20:00:00,70.91,70.94,70.8,70.82,25
1999-09-12,20:00:00,70.8,71.28,69.66,70.11,914
1999-09-13,20:00:00,70.13,70.27,68.84,69.13,942
1999-09-14,20:00:00,69.1,69.19,67.23,68.07,817
1999-09-15,20:00:00,68.13,68.52,67.14,68.12,834
1999-09-16,20:00:00,68.11,69.71,67.98,69.33,750
1999-09-18,20:00:00,69.57,69.67,69.57,69.65,12
1999-09-19,20:00:00,69.61,69.86,67.93,68.31,839
1999-09-20,20:00:00,68.32,69.22,67.08,67.88,897
1999-09-21,20:00:00,67.89,68.49,67.51,67.86,884
1999-09-22,20:00:00,67.85,68.01,67.01,67.51,811
1999-09-23,20:00:00,67.5,68.3,67.36,67.82,761
1999-09-25,20:00:00,68.98,68.98,68.66,68.77,32
1999-09-26,20:00:00,68.78,69.62,67.95,69.16,1039
1999-09-27,20:00:00,69.14,70.03,68.65,69.77,974
1999-09-28,20:00:00,69.76,70.3,69.47,69.85,881
1999-09-29,20:00:00,69.87,69.99,68.53,69.28,819
1999-09-30,20:00:00,69.27,69.66,68.61,68.85,662
1999-10-02,20:00:00,69,69.01,68.96,69.01,17
1999-10-03,21:00:00,69.04,70.51,68.7,70.26,776
1999-10-04,21:00:00,70.3,71.19,70.13,70.41,982
1999-10-05,21:00:00,70.37,71.27,70.15,71.01,969
1999-10-06,21:00:00,71.01,71.43,70.52,70.68,894
1999-10-07,21:00:00,70.67,71.1,70.21,70.27,804
1999-10-09,21:00:00,70.22,70.34,70.18,70.34,28
1999-10-10,21:00:00,70.31,70.33,69.63,70,713
1999-10-11,21:00:00,70.01,70.09,69.29,69.77,815
1999-10-12,21:00:00,69.78,71.05,68.77,68.99,956
1999-10-13,21:00:00,69.01,69.85,68.97,69.71,794
1999-10-14,21:00:00,69.7,69.75,68.01,68.14,775
1999-10-16,21:00:00,67.91,68.08,67.91,67.96,31
1999-10-17,21:00:00,68.03,68.33,67.48,68.06,824
1999-10-18,21:00:00,68.02,68.54,67.88,68.25,887
1999-10-19,21:00:00,68.27,69.09,68.18,68.76,922
1999-10-20,21:00:00,68.75,69.02,68.49,68.99,877
1999-10-21,21:00:00,68.98,69.15,68.47,68.69,810
1999-10-23,21:00:00,68.71,68.83,68.66,68.7,46
1999-10-24,21:00:00,68.71,68.98,68.38,68.66,848
1999-10-25,21:00:00,68.64,68.78,68.01,68.07,976
1999-10-26,21:00:00,68.03,68.13,66.77,67.22,1007
1999-10-27,21:00:00,67.2,68.05,66.85,68,845
1999-10-28,21:00:00,68.01,68.01,66.23,66.24,808
1999-10-30,21:00:00,66.65,66.65,66.38,66.38,61
1999-10-31,21:00:00,66.37,66.76,66.06,66.46,1278
1999-11-01,21:00:00,66.46,67.32,66.35,66.47,1237
1999-11-02,21:00:00,66.45,67.69,66.38,67.42,944
1999-11-03,21:00:00,67.44,67.76,66.47,66.9,994
1999-11-04,21:00:00,66.97,68.15,66.6,67.75,810
1999-11-06,21:00:00,67.89,68.08,67.75,68.07,43
1999-11-07,21:00:00,68.05,68.17,66.98,67.07,949
1999-11-08,21:00:00,67.12,67.4,66.75,67.05,657
1999-11-09,21:00:00,67.03,67.43,66.78,67.16,856
1999-11-10,21:00:00,67.17,67.74,67.1,67.43,751
1999-11-11,21:00:00,67.38,68.03,67.24,67.93,650
1999-11-13,21:00:00,68.19,68.2,68.04,68.09,27
1999-11-14,21:00:00,68.11,68.11,67.51,67.73,833
1999-11-15,21:00:00,67.74,68.17,67.54,67.94,886
1999-11-16,21:00:00,67.89,68.23,67.36,67.41,848
1999-11-17,21:00:00,67.41,67.9,67.39,67.77,859
1999-11-18,21:00:00,67.8,68.08,67.47,68.04,879
1999-11-20,21:00:00,67.97,68.14,67.96,68.06,41
1999-11-21,21:00:00,68.12,68.12,66.54,66.64,989
1999-11-22,21:00:00,66.61,66.8,66.14,66.29,1027
1999-11-23,21:00:00,66.24,66.64,65.92,66.14,1074
1999-11-24,21:00:00,66.17,66.57,65.91,66.47,996
1999-11-25,21:00:00,66.49,66.6,64.27,64.84,855
1999-11-27,21:00:00,64.91,65.36,64.89,65.33,101
1999-11-28,21:00:00,65.43,66.17,64.75,65.21,1282
1999-11-29,21:00:00,65.31,65.56,64.47,64.87,1323
1999-11-30,21:00:00,64.81,65.51,64.63,65.34,1172
1999-12-01,21:00:00,65.32,65.38,64.8,64.85,1158
1999-12-02,21:00:00,64.79,65.14,64.45,65.06,967
1999-12-04,21:00:00,64.92,65.35,64.92,65.31,68
1999-12-05,21:00:00,65.22,65.57,64.45,65.09,979
1999-12-06,21:00:00,65.11,65.63,65.05,65.19,1076
1999-12-07,21:00:00,65.25,65.87,65.13,65.66,916
1999-12-08,21:00:00,65.65,66.11,65.35,65.39,990
1999-12-09,21:00:00,65.39,65.42,64.8,64.93,809
1999-12-11,21:00:00,65.14,65.2,64.98,65.09,62
1999-12-12,21:00:00,65.26,65.67,65.03,65.45,951
1999-12-13,21:00:00,65.52,65.98,65.33,65.7,952
1999-12-14,21:00:00,65.68,66.03,65.64,65.86,990
1999-12-15,21:00:00,65.88,66.45,65.42,66.37,901
1999-12-16,21:00:00,66.24,66.69,66.1,66.2,759
1999-12-18,21:00:00,66.37,66.37,66.27,66.3,33
1999-12-19,21:00:00,66.32,66.45,65.64,66.01,953
1999-12-20,21:00:00,66,66.03,65.56,65.85,941
1999-12-21,21:00:00,65.91,66.14,65.25,65.43,1016
1999-12-22,21:00:00,65.35,66.04,65.2,65.65,706
1999-12-23,21:00:00,65.68,66.41,65.6,66.18,780
1999-12-25,21:00:00,66.15,66.24,66.09,66.18,51
1999-12-26,21:00:00,66.16,66.36,65.75,66.1,736
1999-12-27,21:00:00,66.05,66.31,65.75,66.1,1081
1999-12-28,21:00:00,66.04,66.68,65.97,66.53,1218
1999-12-29,21:00:00,66.47,67.06,66.4,66.96,1106
1999-12-30,21:00:00,66.97,67.3,66.67,67.19,388
2000-01-01,21:00:00,67.15,67.2,67.08,67.12,69
2000-01-02,21:00:00,67.08,67.47,66.67,66.82,1110
2000-01-03,21:00:00,66.77,67.94,66.72,67.61,1062
2000-01-04,21:00:00,67.6,68.82,67.26,68.4,1003
2000-01-05,21:00:00,68.41,69.1,68.35,68.74,985
2000-01-06,21:00:00,68.72,69.25,68.54,68.97,414
2000-01-08,21:00:00,68.82,68.99,68.81,68.91,37
2000-01-09,21:00:00,68.92,69.17,68.42,69.06,1046
2000-01-10,21:00:00,69.08,69.88,68.89,69.71,917
2000-01-11,21:00:00,69.72,69.93,69.5,69.58,1037
2000-01-12,21:00:00,69.6,70.98,69.58,70.85,1167
2000-01-13,21:00:00,70.81,70.87,70.2,70.48,808
2000-01-15,21:00:00,70.39,70.39,70.24,70.29,39
2000-01-16,21:00:00,70.29,70.39,69.47,69.67,1111
2000-01-17,21:00:00,69.7,70.44,69.53,70.25,935
2000-01-18,21:00:00,70.24,70.55,69.74,69.87,1008
2000-01-19,21:00:00,69.85,70.41,69.64,70.14,1023
2000-01-20,21:00:00,70.11,70.16,69.32,69.45,1070
2000-01-22,21:00:00,69.28,69.36,69.27,69.3,39
2000-01-23,21:00:00,69.27,69.46,68.72,69.09,1080
2000-01-24,21:00:00,69.11,69.6,68.99,69.36,991
2000-01-25,21:00:00,69.38,69.51,68.74,68.9,1146
2000-01-26,21:00:00,68.87,69.17,68.53,68.76,1079
2000-01-27,21:00:00,68.78,68.78,66.85,67.93,1009
2000-01-29,21:00:00,68.41,68.41,68.14,68.15,39
2000-01-30,21:00:00,68.24,68.56,67.62,68.34,1208
2000-01-31,21:00:00,68.33,69.03,67.7,68.83,990
2000-02-01,21:00:00,68.81,69.7,68.69,68.86,1166
2000-02-02,21:00:00,68.88,69.24,67.96,68,1493
2000-02-03,21:00:00,68.01,68.55,67.68,68.38,1328
2000-02-05,21:00:00,68.38,68.61,68.38,68.57,76
2000-02-06,21:00:00,68.57,69.77,68.42,68.99,1861
2000-02-07,21:00:00,69.01,69.75,68.9,69.23,1974
2000-02-08,21:00:00,69.24,69.53,68.49,69.18,2004
2000-02-09,21:00:00,69.16,69.25,68.43,68.61,2282
2000-02-10,21:00:00,68.6,69.44,68.36,68.61,1702
2000-02-12,21:00:00,68.77,68.81,68.69,68.78,77
2000-02-13,21:00:00,68.83,68.83,68.07,68.22,1702
2000-02-14,21:00:00,68.25,68.91,67.84,68.79,2146
2000-02-15,21:00:00,68.79,69.26,68.72,69.08,1651
2000-02-16,21:00:00,69.06,70.06,68.95,69.78,1678
2000-02-17,21:00:00,69.77,70.25,69.66,69.85,1306
2000-02-19,21:00:00,69.68,69.74,69.49,69.57,82
2000-02-20,21:00:00,69.59,69.92,69.25,69.7,1972
2000-02-21,21:00:00,69.68,69.99,68.72,68.86,1905
2000-02-22,21:00:00,68.89,69.23,68.42,69.19,1824
2000-02-23,21:00:00,69.19,69.36,68.01,68.73,1725
2000-02-24,21:00:00,68.67,68.96,67.73,67.89,1515
2000-02-27,21:00:00,67.54,67.54,66.51,67.37,1592
2000-02-28,21:00:00,67.36,68.28,67.26,68.01,1603
2000-02-29,21:00:00,68.02,68.02,64.52,64.69,1955
2000-03-01,21:00:00,64.59,65.71,64.54,65.48,1721
2000-03-02,21:00:00,65.45,65.77,65.14,65.55,1401
2000-03-04,21:00:00,65.59,65.59,65.37,65.43,88
2000-03-05,20:00:00,65.39,65.59,64.51,64.67,1751
2000-03-06,20:00:00,64.69,65.07,63.86,64.3,1756
2000-03-07,20:00:00,64.32,65.43,64.19,65.33,1602
2000-03-08,20:00:00,65.31,65.76,65.06,65.4,1682
2000-03-09,20:00:00,65.42,65.58,65.08,65.41,1312
2000-03-11,20:00:00,65.14,65.36,65.05,65.31,101
2000-03-12,20:00:00,65.31,65.34,64.36,64.98,1757
2000-03-13,20:00:00,64.99,65.18,64.3,64.75,1874
2000-03-14,20:00:00,64.73,65.18,64.13,64.66,1726
2000-03-15,20:00:00,64.68,65,64.29,64.6,1753
2000-03-16,20:00:00,64.6,64.96,64.12,64.76,1553
2000-03-18,20:00:00,64.82,64.92,64.72,64.83,89
2000-03-19,20:00:00,64.83,64.96,64.41,64.71,1757
2000-03-20,20:00:00,64.75,65.47,64.69,65.07,1737
2000-03-21,20:00:00,65.04,65.11,64.56,64.65,1750
2000-03-22,20:00:00,64.65,65.16,64.57,65.06,1843
2000-03-23,20:00:00,65.04,65.42,64.74,65,1438
2000-03-25,20:00:00,65.05,65.17,64.97,65.16,95
2000-03-26,20:00:00,65.2,65.83,65.08,65.48,1377
2000-03-27,20:00:00,65.47,65.61,64.9,65.22,1621
2000-03-28,20:00:00,65.2,65.4,63.87,64.72,1452
2000-03-29,20:00:00,64.69,64.86,63.9,64.8,1385
2000-03-30,20:00:00,64.81,65.04,61.53,62.4,940
2000-04-01,20:00:00,62.74,62.86,62.71,62.77,73
2000-04-02,20:00:00,62.81,64.06,62.42,63.95,1350
2000-04-03,20:00:00,63.92,63.98,63.06,63.73,1172
2000-04-04,20:00:00,63.67,63.97,63.27,63.32,1535
2000-04-05,20:00:00,63.26,63.71,62.81,63,1487
2000-04-06,20:00:00,63,63.38,62.6,62.94,1165
2000-04-08,20:00:00,62.99,62.99,62.89,62.91,53
2000-04-09,20:00:00,62.89,64.41,62.84,63.34,1860
2000-04-10,20:00:00,63.35,63.9,63.22,63.75,1530
2000-04-11,20:00:00,63.74,63.81,62.58,63.37,1598
2000-04-12,20:00:00,63.36,63.65,63,63.26,1373
2000-04-13,20:00:00,63.23,63.54,62.58,62.75,954
2000-04-15,20:00:00,62.86,63.05,62.79,62.94,55
2000-04-16,20:00:00,62.95,63.57,61.1,61.91,1455
2000-04-17,20:00:00,61.9,62.38,61.72,62.11,1534
2000-04-18,20:00:00,62.12,62.76,62.12,62.55,1475
2000-04-19,20:00:00,62.58,62.81,62.15,62.81,1418
2000-04-20,20:00:00,62.85,62.94,62.5,62.68,911
2000-04-22,20:00:00,62.69,62.77,62.65,62.67,17
2000-04-23,20:00:00,62.7,63.01,62.47,62.9,814
2000-04-24,20:00:00,62.97,63.1,62.52,62.96,1258
2000-04-25,20:00:00,62.94,62.94,62.03,62.61,1663
2000-04-26,20:00:00,62.61,62.84,62.29,62.41,1551
2000-04-27,20:00:00,62.44,63.42,62.4,63.1,1100
2000-04-29,20:00:00,62.92,63.04,62.92,62.93,3
2000-04-30,20:00:00,62.96,63.52,62.51,63.39,515
2000-05-01,20:00:00,63.34,63.96,63.24,63.46,756
2000-05-02,20:00:00,63.48,64.8,63.3,64.48,1501
2000-05-03,20:00:00,64.51,64.63,63.65,63.77,1298
2000-05-04,20:00:00,63.78,64.89,63.52,64.83,1049
2000-05-06,20:00:00,64.86,64.87,64.62,64.71,82
2000-05-07,20:00:00,64.72,65.15,63.21,63.59,1772
2000-05-08,20:00:00,63.54,64.01,62.97,63.58,1631
2000-05-09,20:00:00,63.52,63.94,63.22,63.59,1598
2000-05-10,20:00:00,63.62,64.04,62.38,62.79,1712
2000-05-11,20:00:00,62.71,63.28,62.32,62.77,1435
2000-05-13,20:00:00,63.29,63.38,63.15,63.15,24
2000-05-14,20:00:00,63.19,63.35,62.41,62.65,692
2000-05-15,20:00:00,62.62,63.53,62.52,63.17,1077
2000-05-16,20:00:00,63.23,63.23,61.87,62.18,1483
2000-05-17,20:00:00,62.19,62.53,61.68,61.88,1693
2000-05-18,20:00:00,61.89,62.39,60.94,61.43,1487
2000-05-20,20:00:00,61.33,61.37,61.25,61.25,55
2000-05-21,20:00:00,61.25,61.73,60.79,61.45,1603
2000-05-22,20:00:00,61.47,61.83,60.86,60.87,1484
2000-05-23,20:00:00,60.89,61.75,60.66,61.59,1414
2000-05-24,20:00:00,61.55,61.72,60.99,61.18,1447
2000-05-25,20:00:00,61.19,61.72,60.62,61.5,1359
2000-05-27,20:00:00,61.46,61.49,61.35,61.36,61
2000-05-28,20:00:00,61.39,61.61,61.13,61.23,1174
2000-05-29,20:00:00,61.27,62,61.16,61.31,1539
2000-05-30,20:00:00,61.29,61.83,60.99,61.52,1555
2000-05-31,20:00:00,61.51,62.45,61.32,62.1,1411
2000-06-01,20:00:00,62.03,62.83,61.76,62.71,975
2000-06-03,20:00:00,62.82,62.83,62.49,62.49,74
2000-06-04,20:00:00,62.52,63.04,62.33,62.47,1534
2000-06-05,20:00:00,62.48,62.62,62.02,62.42,1163
2000-06-06,20:00:00,62.45,62.8,62.05,62.53,1480
2000-06-07,20:00:00,62.57,62.68,62.02,62.27,1628
2000-06-08,20:00:00,62.28,63.02,62.18,62.96,1457
2000-06-10,20:00:00,62.72,62.72,62.58,62.68,57
2000-06-11,20:00:00,62.66,63.32,62.63,63.03,1255
2000-06-12,20:00:00,63.06,63.97,62.82,63.74,1429
2000-06-13,20:00:00,63.76,64.49,63.72,63.9,1805
2000-06-14,20:00:00,63.92,64.35,63.6,64.12,1502
2000-06-15,20:00:00,64.17,64.94,64.09,64.5,1394
2000-06-17,20:00:00,64.46,64.52,64.44,64.48,44
2000-06-18,20:00:00,64.47,64.68,63.52,63.6,1222
2000-06-19,20:00:00,63.65,64.13,63.39,63.42,1330
2000-06-20,20:00:00,63.4,63.74,63.01,63.42,1289
2000-06-21,20:00:00,63.41,63.57,61.92,62.42,1192
2000-06-22,20:00:00,62.43,62.61,61.96,62.31,1174
2000-06-24,20:00:00,62.21,62.38,62.14,62.38,61
2000-06-25,20:00:00,62.39,63.2,61.76,63.09,1259
2000-06-26,20:00:00,63.09,63.76,63,63.51,1261
2000-06-27,20:00:00,63.48,63.84,63.29,63.73,1243
2000-06-28,20:00:00,63.69,63.72,62.68,63.42,1279
2000-06-29,20:00:00,63.38,63.64,62.6,63.13,1145
2000-07-01,20:00:00,63.29,63.52,63.29,63.52,77
2000-07-02,20:00:00,63.52,63.96,63.2,63.39,1398
2000-07-03,20:00:00,63.41,63.78,63.11,63.45,1389
2000-07-04,20:00:00,63.46,63.5,62.95,62.98,1496
2000-07-05,20:00:00,63.05,63.62,62.95,63.45,1354
2000-07-06,20:00:00,63.44,63.88,62.97,63.86,1180
2000-07-08,20:00:00,63.81,63.88,63.78,63.86,54
2000-07-09,20:00:00,63.82,63.89,63.27,63.39,1173
2000-07-10,20:00:00,63.41,63.43,62.81,62.98,1127
2000-07-11,20:00:00,63.01,63.99,62.85,63.76,1293
2000-07-12,20:00:00,63.76,64.08,63.09,63.13,1289
2000-07-13,20:00:00,63.18,63.58,62.88,63.14,1166
2000-07-15,20:00:00,63.08,63.08,62.52,62.59,82
2000-07-16,20:00:00,62.63,63.9,62.48,63.44,1338
2000-07-17,20:00:00,63.46,63.53,62.77,62.85,1267
2000-07-18,20:00:00,62.89,63.05,62.23,62.38,1254
2000-07-19,20:00:00,62.4,62.88,62.2,62.53,1167
2000-07-20,20:00:00,62.48,64.08,62.48,63.91,1193
2000-07-22,20:00:00,63.77,63.82,63.72,63.81,60
2000-07-23,20:00:00,63.85,64.08,63.38,63.38,1174
2000-07-24,20:00:00,63.41,64.17,63.37,63.86,972
2000-07-25,20:00:00,63.89,64.69,63.63,64.46,1208
2000-07-26,20:00:00,64.45,64.88,64.09,64.3,1045
2000-07-27,20:00:00,64.33,64.64,64.2,64.5,484
2000-07-29,20:00:00,64.35,64.37,64.29,64.33,22
2000-07-30,20:00:00,64.32,64.32,63.14,63.57,518
2000-07-31,20:00:00,63.53,63.71,63.04,63.28,537
2000-08-01,20:00:00,63.26,63.87,62.48,63.68,618
2000-08-02,20:00:00,63.7,64.05,62.98,63.31,637
2000-08-03,20:00:00,63.38,63.69,62.96,63.68,544
2000-08-05,20:00:00,63.65,63.74,63.65,63.7,23
2000-08-06,20:00:00,63.68,64.22,63.57,64.02,658
2000-08-07,20:00:00,64.05,64.28,63.25,63.4,656
2000-08-08,20:00:00,63.37,63.56,62.31,62.48,589
2000-08-09,20:00:00,62.52,63.47,62.29,63.3,647
2000-08-10,20:00:00,63.29,63.51,62.76,62.78,484
2000-08-12,20:00:00,62.96,62.96,62.76,62.93,21
2000-08-13,20:00:00,62.97,63.88,62.88,63.84,577
2000-08-14,20:00:00,63.87,64.03,63.4,63.52,649
2000-08-15,20:00:00,63.51,64.46,63.44,64.13,599
2000-08-16,20:00:00,64.08,64.57,63.86,64.4,592
2000-08-17,20:00:00,64.41,64.88,63.78,63.97,656
2000-08-19,20:00:00,63.96,64.06,63.87,63.93,24
2000-08-20,20:00:00,63.84,64.09,63.58,63.84,588
2000-08-21,20:00:00,63.82,64.23,62.72,62.83,488
2000-08-22,20:00:00,62.8,62.84,60.84,61.31,624
2000-08-23,20:00:00,61.17,61.53,61.02,61.27,618
2000-08-24,20:00:00,61.26,61.66,60.97,61.36,707
2000-08-26,20:00:00,61.22,61.26,61.18,61.2,19
2000-08-27,20:00:00,61.19,61.29,60.69,60.81,583
2000-08-28,20:00:00,60.86,61.4,60.31,60.35,584
2000-08-29,20:00:00,60.43,61.43,60.33,61.38,631
2000-08-30,20:00:00,61.39,61.66,60.98,61.52,577
2000-08-31,20:00:00,61.55,61.72,60.79,61.06,543
2000-09-02,20:00:00,61.07,61.14,61.02,61.04,20
2000-09-03,20:00:00,61.06,61.24,60.73,60.95,567
2000-09-04,20:00:00,60.93,61.19,60.13,60.19,600
2000-09-05,20:00:00,60.18,60.39,59.37,59.75,617
2000-09-06,20:00:00,59.78,60.1,58.09,58.56,751
2000-09-07,20:00:00,58.57,59.36,58.51,58.96,584
2000-09-09,20:00:00,59.06,59.08,58.96,59.01,23
2000-09-10,20:00:00,59.02,59.63,58.91,59.39,626
2000-09-11,20:00:00,59.38,60.06,59.06,59.65,693
2000-09-12,20:00:00,59.68,59.79,59.1,59.29,670
2000-09-13,20:00:00,59.26,59.33,58.77,59.17,531
2000-09-14,20:00:00,59.04,59.41,58.3,58.3,491
2000-09-16,20:00:00,58.43,58.49,58.33,58.39,19
2000-09-17,20:00:00,58.37,58.46,57.8,58.07,510
2000-09-18,20:00:00,58.02,58.33,57.89,58.27,553
2000-09-19,20:00:00,58.23,58.43,57.19,57.51,575
2000-09-20,20:00:00,57.48,58.18,57.24,58.13,603
2000-09-21,20:00:00,58.07,60.06,58.03,58.76,563
2000-09-23,20:00:00,59.26,59.31,59.1,59.25,21
2000-09-24,20:00:00,59.23,59.37,58.56,59.17,582
2000-09-25,20:00:00,59.15,59.5,58.63,59.27,488
2000-09-26,20:00:00,59.31,59.33,58.8,59.12,591
2000-09-27,20:00:00,59.11,59.3,58.4,58.52,572
2000-09-28,20:00:00,58.53,58.85,58.23,58.66,513
2000-09-30,20:00:00,58.73,58.84,58.71,58.83,17
2000-10-01,21:00:00,58.84,59.67,58.46,59.43,550
2000-10-02,21:00:00,59.42,59.48,58.61,58.63,526
2000-10-03,21:00:00,58.56,58.88,58.19,58.57,535
2000-10-04,21:00:00,58.55,58.85,57.8,57.88,564
2000-10-05,21:00:00,57.95,58.33,57.73,58.07,490
2000-10-07,21:00:00,58.11,58.41,58.11,58.34,25
2000-10-08,21:00:00,58.39,58.49,58.11,58.19,415
2000-10-09,21:00:00,58.14,58.21,57.37,57.54,554
2000-10-10,21:00:00,57.55,58.02,57.28,57.4,548
2000-10-11,21:00:00,57.38,57.75,56.95,57.2,520
2000-10-12,21:00:00,57.22,57.43,56.82,56.87,535
2000-10-14,21:00:00,56.9,56.91,56.75,56.83,26
2000-10-15,21:00:00,56.79,57.03,56.42,56.66,601
2000-10-16,21:00:00,56.65,56.71,55.78,56.34,542
2000-10-17,21:00:00,56.36,56.56,55.54,56.13,539
2000-10-18,21:00:00,56.12,56.65,55.76,56.56,576
2000-10-19,21:00:00,56.54,57.76,56.45,57.67,654
2000-10-21,21:00:00,57.93,57.95,57.64,57.64,23
2000-10-22,21:00:00,57.7,57.89,56.92,57.05,502
2000-10-23,21:00:00,57.09,57.54,56.46,56.58,605
2000-10-24,21:00:00,56.61,57.06,55.96,56.28,572
2000-10-25,21:00:00,56.29,56.55,55.65,56.36,550
2000-10-26,21:00:00,56.38,57.04,56.13,56.85,464
2000-10-28,21:00:00,56.81,56.91,56.78,56.82,25
2000-10-29,21:00:00,56.79,57.45,56.76,56.77,560
2000-10-30,21:00:00,56.67,57.02,55.74,56.37,557
2000-10-31,21:00:00,56.42,57.06,56.21,56.59,500
2000-11-01,21:00:00,56.65,57.81,55.97,56.41,619
2000-11-02,21:00:00,56.52,57.21,56.15,56.29,501
2000-11-04,21:00:00,56.53,56.63,56.41,56.63,25
2000-11-05,21:00:00,56.64,56.83,56.35,56.57,582
2000-11-06,21:00:00,56.58,56.89,56.32,56.86,566
2000-11-07,21:00:00,56.83,57.08,56.45,56.55,512
2000-11-08,21:00:00,56.54,56.77,56.02,56.75,474
2000-11-09,21:00:00,56.76,57.04,55.98,56.04,458
2000-11-11,21:00:00,56.1,56.17,56.06,56.13,22
2000-11-12,21:00:00,56.14,56.32,55.86,56.07,428
2000-11-13,21:00:00,56.09,56.26,56.01,56.14,433
2000-11-14,21:00:00,56.18,56.72,56.03,56.65,458
2000-11-15,21:00:00,56.64,56.82,56.49,56.64,441
2000-11-16,21:00:00,56.66,56.78,56.44,56.48,411
2000-11-18,21:00:00,56.44,56.51,56.42,56.44,21
2000-11-19,21:00:00,56.45,56.64,55.91,56.44,469
2000-11-20,21:00:00,56.46,56.65,55.83,56.02,501
2000-11-21,21:00:00,56.01,58.24,55.9,58.04,547
2000-11-22,21:00:00,58.06,58.24,57.22,57.53,587
2000-11-23,21:00:00,57.44,58.38,57.25,58.23,611
2000-11-25,21:00:00,57.96,58.07,57.95,58.05,18
2000-11-26,21:00:00,58.03,58.43,57.64,58.11,557
2000-11-27,21:00:00,58.15,58.29,57.44,57.58,582
2000-11-28,21:00:00,57.61,58.28,57.5,58.09,547
2000-11-29,21:00:00,58.08,58.7,57.84,58.26,529
2000-11-30,21:00:00,58.25,60.02,58.25,59.89,565
2000-12-02,21:00:00,59.8,60.09,59.8,60.03,27
2000-12-03,21:00:00,59.97,60.65,59.58,60.44,548
2000-12-04,21:00:00,60.4,60.5,59.73,60.11,578
2000-12-05,21:00:00,60.07,60.7,60.02,60.43,583
2000-12-06,21:00:00,60.51,60.88,60.3,60.52,621
2000-12-07,21:00:00,60.54,60.91,60.21,60.85,479
2000-12-09,21:00:00,60.61,60.66,60.54,60.61,24
2000-12-10,21:00:00,60.59,60.63,59.67,59.96,599
2000-12-11,21:00:00,59.98,60.59,59.78,60.48,579
2000-12-12,21:00:00,60.53,61,60.43,60.79,603
2000-12-13,21:00:00,60.81,61.2,60.7,61.06,588
2000-12-14,21:00:00,61.08,61.68,61.08,61.39,488
2000-12-16,21:00:00,61.21,61.25,61.06,61.15,26
2000-12-17,21:00:00,61.17,61.53,60.53,60.85,645
2000-12-18,21:00:00,60.88,61.54,60.51,61.49,603
2000-12-19,21:00:00,61.52,62.5,61.46,62.5,573
2000-12-20,21:00:00,62.53,62.6,61.73,62.09,539
2000-12-21,21:00:00,62.06,62.9,62.05,62.81,442
2000-12-23,21:00:00,62.75,62.92,62.71,62.92,19
2000-12-24,21:00:00,62.94,63.04,62.65,62.96,265
2000-12-25,21:00:00,62.92,63.62,62.81,63.42,562
2000-12-26,21:00:00,63.4,63.99,63.3,63.74,667
2000-12-27,21:00:00,63.76,63.91,63.26,63.52,545
2000-12-28,21:00:00,63.53,64.02,63.44,63.87,530
2000-12-30,21:00:00,63.93,63.94,63.93,63.94,2
